Model,Mean Acc,Std Acc,Mean F1,Std F1
Adaboost,0.7854251012145749,0.0,0.6880495651137852,0.0
MLP,0.791497975708502,0.0,0.6958764427071193,0.0
Naive Bayes,0.6558704453441295,0.0,0.6372228845921242,0.0
RF,0.8178137651821862,0.0,0.6994646333549643,0.0
SVM,0.791497975708502,0.0,0.7017380345262172,0.0
