Model,Mean Acc,Std Acc,Mean F1,Std F1
Adaboost,0.7295285359801489,0.009671206074253352,0.5477175066983468,0.012947571896117397
MLP,0.6856435643564357,0.008287257604437848,0.5852842809364549,0.015002367118948355
Naive Bayes,0.6856435643564357,0.019523337613716947,0.5822334405406506,0.023403058769856273
SVM,0.7444168734491315,0.00853278818751383,0.44601078167115904,0.006643817404125423
