Model,Model Details,Mean Acc,Std Acc,Mean F1,Std F1,Conf Matrix
MLP,{'learning_rate_init': 0.01},0.7382198952879581,0.0,0.6772776426061098,0.0,"[array([[224,  62],
       [ 38,  58]])]"
Naive Bayes,{'var_smoothing': 1e-07},0.25392670157068065,0.0,0.2090407794075979,0.0,"[array([[  3, 283],
       [  2,  94]])]"
RF,{'max_features': 'sqrt'},0.7722513089005235,0.0,0.5728442347981441,0.0,"[array([[278,   8],
       [ 79,  17]])]"
SVM,{'decision_function_shape': 'ovo'},0.7670157068062827,0.0,0.574359937402191,0.0,"[array([[275,  11],
       [ 78,  18]])]"
baseline,Majority,0.7486910994764397,0.0,0.4281437125748503,0.0,"[array([[286,   0],
       [ 96,   0]])]"
