Model,Mean Acc,Std Acc,Mean F1,Std F1
Adaboost,0.7122153209109731,0.0,0.5633791825187787,0.0
MLP,0.7453416149068323,0.0,0.5589303081823109,0.0
Naive Bayes,0.6418219461697723,0.0,0.5543353618535092,0.0
SVM,0.7287784679089027,0.0,0.572551933794967,0.0
