Model,Mean Acc,Std Acc,Mean F1,Std F1
Adaboost,0.7910669975186104,0.007591592327929711,0.6988807222667723,0.017828696745486428
MLP,0.7627791563275435,0.01751797776151143,0.6660822538010953,0.027118314249842883
Naive Bayes,0.6650124069478908,0.033068647640610765,0.6363207707380412,0.027080235850723153
SVM,0.7930521091811414,0.011806826057935784,0.692457141292972,0.018067657272352988
