Model,Model Details,Mean Acc,Std Acc,Mean F1,Std F1,Conf Matrix
MLP,{'learning_rate_init': 0.01},0.7051282051282052,0.0,0.565655293969533,0.0,"[array([[248,  43],
       [ 72,  27]])]"
Naive Bayes,{'var_smoothing': 1e-06},0.2846153846153846,0.0,0.25559789561540935,0.0,"[array([[ 17, 274],
       [  5,  94]])]"
RF,{'max_features': 'sqrt'},0.7282051282051282,0.0,0.5625396825396826,0.0,"[array([[262,  29],
       [ 77,  22]])]"
SVM,{'decision_function_shape': 'ovo'},0.7461538461538462,0.0,0.4552380952380953,0.0,"[array([[288,   3],
       [ 96,   3]])]"
baseline,Majority,0.7461538461538462,0.0,0.42731277533039647,0.0,"[array([[291,   0],
       [ 99,   0]])]"
