Model,Model Details,Mean Acc,Std Acc,Mean F1,Std F1,Conf Matrix
MLP,{'learning_rate_init': 0.1},0.7573333333333333,0.0,0.6299810246679317,0.0,"[array([[252,  29],
       [ 62,  32]])]"
Naive Bayes,{'var_smoothing': 1e-06},0.536,0.0,0.5272561293688054,0.0,"[array([[126, 155],
       [ 19,  75]])]"
RF,{'max_features': 'sqrt'},0.8053333333333333,0.0,0.6812004332180415,0.0,"[array([[268,  13],
       [ 60,  34]])]"
SVM,{'decision_function_shape': 'ovo'},0.7866666666666666,0.0,0.6184371184371185,0.0,"[array([[272,   9],
       [ 71,  23]])]"
baseline,Majority,0.7493333333333333,0.0,0.4283536585365853,0.0,"[array([[281,   0],
       [ 94,   0]])]"
