Model,Mean Acc,Std Acc,Mean F1,Std F1
Adaboost,0.7822445519986243,0.009141454291646405,0.6878327465897266,0.014021932507442377
MLP,0.7762879886003489,0.008693192567341414,0.6778377725369322,0.017668244897439907
Naive Bayes,0.6458467434832813,0.019423991422207375,0.6190638400014544,0.016119980910128576
SVM,0.7946465862467139,0.009115442967556732,0.6960224726394804,0.018999814938468425
