Model,Model Details,Mean Acc,Std Acc,Mean F1,Std F1,Conf Matrix
MLP,{'learning_rate_init': 0.01},0.7564766839378239,0.0,0.6868613642640153,0.0,"[array([[237,  50],
       [ 44,  55]])]"
Naive Bayes,{'var_smoothing': 1e-10},0.6295336787564767,0.0,0.5906255794118738,0.0,"[array([[181, 106],
       [ 37,  62]])]"
RF,{'max_features': 'log2'},0.7772020725388601,0.0,0.5813871374527112,0.0,"[array([[282,   5],
       [ 81,  18]])]"
SVM,{'decision_function_shape': 'ovo'},0.7927461139896373,0.0,0.6690246516613076,0.0,"[array([[271,  16],
       [ 64,  35]])]"
baseline,Majority,0.7435233160621761,0.0,0.4264487369985141,0.0,"[array([[287,   0],
       [ 99,   0]])]"
