Model,Mean Acc,Std Acc,Mean F1,Std F1
Adaboost,0.7867122816500013,0.009912405299329227,0.6865952687792174,0.015899494240377232
MLP,0.793158980910498,0.009525860631350795,0.685599596011398,0.024487185103120677
Naive Bayes,0.7460322334963025,0.0010793669369029255,0.42727266823221466,0.00035416212992462774
SVM,0.7971181485394198,0.00630655277043136,0.669947280852777,0.010256796063400797
