Model,Mean Acc,Std Acc,Mean F1,Std F1
Adaboost,0.7905228177660478,0.012950109826281588,0.7035338974654464,0.01673970653382459
MLP,0.7691891063476797,0.018991299904420646,0.6765364972590321,0.02093985773150216
Naive Bayes,0.6091322205433374,0.024064828823065137,0.5919349257649489,0.02108983768709636
SVM,0.7899845894061353,0.0138507892931353,0.6950588731373915,0.01840472042271143
