Model,Mean Acc,Std Acc,Mean F1,Std F1
Adaboost,0.7884029260181239,0.01123319015437599,0.6986943887961938,0.016847106095216488
MLP,0.7905370842926317,0.018285581764060102,0.6946013324199642,0.023235023785606386
Naive Bayes,0.607622601668421,0.024485903594130366,0.5904687736867829,0.022486128404069484
RF,0.8005192998801748,0.020478644552548646,0.7045256713495784,0.022323918685544196
SVM,0.7984003446476854,0.012530404368694554,0.6977686546667019,0.02069474420916308
