Model,Mean Acc,Std Acc,Mean F1,Std F1
Adaboost,0.8046970101283563,0.0167599653629085,0.7070612593359538,0.020542302017711452
MLP,0.7974670633778753,0.005639268024670329,0.6954454572418195,0.012050607654051488
Naive Bayes,0.6355609259717447,0.02516293194708869,0.6109475520660219,0.02180217589853006
SVM,0.7922053527798748,0.029808695157356253,0.6903700381054343,0.0391119995822306
