Model,Mean Acc,Std Acc,Mean F1,Std F1
Adaboost,0.7146401985111662,0.013135855338993616,0.6082715600672813,0.019224049099165717
MLP,0.6955445544554455,0.013042134039423954,0.5893289149222499,0.011915446078788357
Naive Bayes,0.5384615384615384,0.05250714970421993,0.519031363893024,0.03983936328002555
SVM,0.6327543424317618,0.01238237382759762,0.5727751991289898,0.016466782128826612
