Model,Model Details,Mean Acc,Std Acc,Mean F1,Std F1
MLP,"MLPClassifier(batch_size=64, early_stopping=True, max_iter=512)",0.7438524590163934,0.0,0.5441467697941187,0.0
Naive Bayes,MultinomialNB(),0.5942622950819673,0.0,0.5287093942054434,0.0
RF,"RandomForestClassifier(max_features='sqrt', n_jobs=8)",0.7315573770491803,0.0,0.547966030985059,0.0
SVM,"SVC(degree=1, max_iter=1024)",0.7397540983606558,0.0,0.4735974858793053,0.0
baseline,Majority,0.7459016393442623,0.0,0.4272300469483568,0.0
