Model,Mean Acc,Std Acc,Mean F1,Std F1
Adaboost,0.7500159693388693,0.024699841969840486,0.6873318868011644,0.026298009832293776
MLP,0.7554590570719603,0.01322606250246793,0.6823565871580388,0.019964792806426
Naive Bayes,0.5912831977986881,0.03682491508161703,0.5785673736403867,0.030659373647545743
SVM,0.7504938210942683,0.024864271391946153,0.6920126244335784,0.019966820681048134
